Label,Features
0,[255 255 254 ... 255 255 255]
100,[255 255 254 ... 255 255 255]
101,[255 255 254 ... 255 255 255]
102,[255 255 254 ... 255 255 255]
103,[255 255 255 ... 255 255 255]
104,[255 255 255 ... 255 255 255]
105,[255 255 254 ... 255 255 255]
106,[255 255 254 ... 255 255 255]
107,[255 255 254 ... 255 255 255]
108,[255 255 254 ... 255 255 255]
109,[255 255 254 ... 255 255 255]
10,[255 254 255 ... 255 255 255]
110,[255 255 254 ... 255 255 255]
111,[255 255 254 ... 255 255 255]
112,[255 255 254 ... 255 255 255]
113,[255 255 254 ... 255 255 255]
114,[255 255 254 ... 255 255 255]
115,[255 255 254 ... 255 255 255]
116,[255 255 254 ... 255 255 255]
117,[255 255 254 ... 255 255 255]
118,[255 255 254 ... 255 255 255]
119,[255 255 254 ... 255 255 255]
11,[255 254 255 ... 255 255 255]
120,[255 255 254 ... 255 255 255]
121,[255 255 255 ... 255 255 255]
122,[255 254 255 ... 255 255 255]
123,[255 254 255 ... 255 255 255]
124,[253 254 255 ... 255 255 255]
125,[253 254 255 ... 255 255 255]
126,[253 254 255 ... 255 255 255]
127,[255 255 254 ... 255 255 255]
128,[255 255 255 ... 255 255 255]
129,[255 254 255 ... 255 255 255]
12,[255 255 255 ... 255 255 255]
130,[255 255 254 ... 255 255 255]
131,[255 254 255 ... 255 255 255]
132,[255 254 255 ... 255 255 255]
133,[255 254 255 ... 255 255 255]
134,[255 254 255 ... 255 255 255]
135,[255 255 255 ... 255 255 255]
136,[255 254 255 ... 255 255 255]
137,[255 255 255 ... 255 255 255]
138,[255 254 255 ... 255 255 255]
139,[255 255 254 ... 255 255 255]
13,[255 255 255 ... 255 255 255]
140,[255 254 255 ... 255 255 255]
141,[255 255 255 ... 255 255 255]
142,[255 255 255 ... 255 255 255]
143,[255 255 255 ... 255 255 255]
144,[255 255 255 ... 255 255 255]
145,[255 255 255 ... 255 255 255]
146,[255 255 255 ... 255 255 255]
147,[255 255 254 ... 255 255 255]
148,[255 255 254 ... 255 255 255]
149,[255 255 254 ... 255 255 255]
14,[255 255 255 ... 255 255 255]
150,[255 255 254 ... 255 255 255]
151,[255 255 254 ... 255 255 255]
152,[255 255 254 ... 255 255 255]
153,[255 255 255 ... 255 255 255]
154,[255 255 255 ... 255 255 255]
155,[255 255 255 ... 255 255 255]
156,[255 255 255 ... 255 255 255]
157,[255 255 255 ... 255 255 255]
158,[255 255 255 ... 255 255 255]
159,[255 255 255 ... 255 255 255]
15,[255 255 255 ... 255 255 255]
160,[255 255 255 ... 255 255 255]
161,[255 255 255 ... 255 255 255]
162,[255 255 255 ... 255 255 255]
163,[255 255 255 ... 255 255 255]
164,[255 255 255 ... 255 255 255]
165,[255 255 255 ... 255 255 255]
166,[255 255 255 ... 255 255 255]
167,[255 255 255 ... 255 255 255]
168,[255 255 255 ... 255 255 255]
169,[255 255 255 ... 255 255 255]
16,[255 255 255 ... 255 255 255]
170,[255 255 255 ... 255 255 255]
171,[255 255 255 ... 255 255 255]
172,[255 255 255 ... 255 255 255]
173,[255 255 255 ... 255 255 255]
174,[255 255 255 ... 255 255 255]
175,[255 255 255 ... 255 255 255]
176,[255 255 255 ... 255 255 255]
177,[255 255 255 ... 255 255 255]
178,[255 255 255 ... 255 255 255]
179,[255 255 255 ... 255 255 255]
17,[255 255 255 ... 255 255 255]
180,[255 255 255 ... 255 255 255]
181,[255 255 255 ... 255 255 255]
182,[255 255 255 ... 255 255 255]
183,[255 255 255 ... 255 255 255]
184,[255 255 255 ... 255 255 255]
185,[255 255 255 ... 255 255 255]
186,[253 255 255 ... 255 255 255]
187,[255 255 254 ... 255 255 255]
188,[255 255 254 ... 255 255 255]
189,[255 255 255 ... 255 255 255]
18,[255 255 255 ... 255 255 255]
190,[255 255 255 ... 255 255 255]
191,[255 255 255 ... 255 255 255]
192,[255 255 255 ... 255 255 255]
193,[255 255 255 ... 255 255 255]
194,[255 255 255 ... 255 255 255]
195,[255 255 255 ... 255 255 255]
196,[255 255 255 ... 255 255 255]
197,[255 255 255 ... 255 255 255]
198,[255 255 255 ... 255 255 255]
199,[255 255 254 ... 255 255 255]
19,[255 255 255 ... 255 255 255]
1,[255 255 254 ... 255 255 255]
200,[255 255 254 ... 255 255 255]
201,[255 255 255 ... 255 255 255]
202,[255 255 254 ... 255 255 255]
203,[255 255 255 ... 255 255 255]
204,[255 255 255 ... 255 255 255]
205,[255 255 255 ... 255 255 255]
206,[255 255 255 ... 255 255 255]
207,[255 255 255 ... 255 255 255]
208,[255 255 255 ... 255 255 255]
209,[255 255 255 ... 255 255 255]
20,[253 255 255 ... 255 255 255]
210,[255 255 255 ... 255 255 255]
211,[255 255 255 ... 255 255 255]
212,[255 255 255 ... 255 255 255]
213,[255 255 255 ... 255 255 255]
214,[255 255 255 ... 255 255 255]
215,[255 255 255 ... 255 255 255]
216,[255 255 255 ... 255 255 255]
217,[255 255 255 ... 255 255 255]
218,[255 255 255 ... 255 255 255]
219,[255 255 255 ... 255 255 255]
21,[253 255 255 ... 255 255 255]
220,[255 255 255 ... 255 255 255]
221,[255 255 255 ... 255 255 255]
222,[255 255 255 ... 255 255 255]
223,[255 255 255 ... 255 255 255]
224,[255 255 255 ... 255 255 255]
225,[255 255 255 ... 255 255 255]
226,[255 255 255 ... 255 255 255]
227,[255 255 255 ... 255 255 255]
228,[255 255 255 ... 255 255 255]
229,[255 255 255 ... 255 255 255]
230,[255 255 255 ... 255 255 255]
231,[255 255 255 ... 255 255 255]
232,[255 255 255 ... 255 255 255]
233,[255 255 255 ... 255 255 255]
234,[255 255 255 ... 255 255 255]
235,[255 255 255 ... 255 255 255]
236,[255 255 255 ... 255 255 255]
237,[255 255 255 ... 255 255 255]
238,[255 255 255 ... 255 255 255]
239,[255 255 255 ... 255 255 255]
23,[253 255 255 ... 255 255 255]
240,[255 255 255 ... 255 255 255]
241,[255 255 255 ... 255 255 255]
242,[255 255 255 ... 255 255 255]
243,[255 255 255 ... 255 255 255]
244,[255 255 255 ... 255 255 255]
245,[255 255 255 ... 255 255 255]
246,[255 255 255 ... 255 255 255]
247,[255 255 255 ... 255 255 255]
248,[255 255 255 ... 255 255 255]
249,[255 255 255 ... 255 255 255]
24,[255 255 255 ... 255 255 255]
250,[255 255 255 ... 255 255 255]
251,[255 255 255 ... 255 255 255]
252,[255 255 255 ... 255 255 255]
253,[255 255 255 ... 255 255 255]
254,[255 255 255 ... 255 255 255]
255,[255 255 255 ... 255 255 255]
256,[255 255 255 ... 255 255 255]
257,[255 255 255 ... 255 255 255]
258,[255 255 255 ... 255 255 255]
259,[255 255 255 ... 255 255 255]
25,[255 255 255 ... 255 255 255]
260,[255 255 255 ... 255 255 255]
261,[255 255 255 ... 255 255 255]
262,[255 255 255 ... 255 255 255]
263,[255 255 255 ... 255 255 255]
264,[255 255 255 ... 255 255 255]
265,[255 255 255 ... 255 255 255]
267,[255 255 255 ... 255 255 255]
26,[253 254 255 ... 255 255 255]
272,[255 255 255 ... 255 255 255]
276,[255 255 255 ... 255 255 255]
277,[255 254 255 ... 255 255 255]
278,[253 255 254 ... 255 255 255]
279,[253 255 254 ... 255 255 255]
27,[253 254 255 ... 255 255 255]
280,[253 255 253 ... 255 255 255]
281,[255 255 253 ... 255 255 255]
282,[251 255 251 ... 255 255 255]
283,[251 255 251 ... 255 255 255]
284,[253 255 250 ... 255 255 255]
285,[255 255 253 ... 255 255 255]
286,[251 255 250 ... 255 255 255]
287,[251 255 248 ... 255 255 255]
288,[251 255 251 ... 255 255 255]
289,[255 255 255 ... 255 255 255]
28,[255 255 255 ... 255 255 255]
290,[253 254 255 ... 255 255 255]
291,[255 254 255 ... 255 255 255]
292,[255 254 255 ... 255 255 255]
293,[255 254 255 ... 255 255 255]
294,[255 254 255 ... 255 255 255]
295,[255 255 255 ... 255 255 255]
296,[255 254 255 ... 255 255 255]
297,[255 255 255 ... 255 255 255]
298,[255 255 255 ... 255 255 255]
299,[255 254 255 ... 255 255 255]
29,[251 255 255 ... 255 255 255]
2,[255 255 254 ... 255 255 255]
301,[255 255 254 ... 255 255 255]
303,[255 255 254 ... 255 255 255]
305,[255 255 254 ... 255 255 255]
308,[255 255 255 ... 255 255 255]
30,[250 255 255 ... 255 255 255]
310,[253 255 255 ... 255 255 255]
312,[255 255 255 ... 255 255 255]
313,[255 255 255 ... 255 255 255]
314,[255 255 255 ... 255 255 255]
315,[255 254 255 ... 255 255 255]
316,[255 254 255 ... 255 255 255]
317,[255 255 255 ... 255 255 255]
318,[255 255 255 ... 255 255 255]
319,[255 255 255 ... 255 255 255]
31,[250 255 255 ... 255 255 255]
320,[253 255 255 ... 255 255 255]
321,[255 255 255 ... 255 255 255]
322,[253 255 255 ... 255 255 255]
323,[255 255 255 ... 255 255 255]
324,[253 255 255 ... 255 255 255]
325,[253 255 255 ... 255 255 255]
327,[253 255 255 ... 255 255 255]
32,[253 254 255 ... 255 255 255]
33,[253 255 254 ... 255 255 255]
34,[253 255 255 ... 255 255 255]
35,[253 255 254 ... 255 255 255]
36,[253 254 255 ... 255 255 255]
37,[251 254 255 ... 255 255 255]
38,[251 254 255 ... 255 255 255]
39,[251 254 255 ... 255 255 255]
40,[251 254 255 ... 255 255 255]
41,[251 254 255 ... 255 255 255]
42,[251 254 255 ... 255 255 255]
43,[253 254 255 ... 255 255 255]
44,[253 254 255 ... 255 255 255]
45,[255 254 255 ... 255 255 255]
46,[251 254 255 ... 255 255 255]
47,[255 255 255 ... 255 255 255]
48,[255 254 255 ... 255 255 255]
49,[255 255 255 ... 255 255 255]
4,[255 255 254 ... 255 255 255]
50,[251 255 255 ... 255 255 255]
51,[255 255 254 ... 255 255 255]
52,[255 255 254 ... 255 255 255]
53,[255 255 254 ... 255 255 255]
54,[255 255 254 ... 255 255 255]
55,[255 255 254 ... 255 255 255]
56,[255 255 255 ... 255 255 255]
57,[255 255 255 ... 255 255 255]
58,[255 255 255 ... 255 255 255]
59,[255 255 255 ... 255 255 255]
5,[255 255 254 ... 255 255 255]
60,[255 255 254 ... 255 255 255]
61,[255 255 254 ... 255 255 255]
62,[255 255 254 ... 255 255 255]
63,[255 255 255 ... 255 255 255]
64,[255 255 255 ... 255 255 255]
65,[255 255 255 ... 255 255 255]
66,[255 255 255 ... 255 255 255]
67,[255 255 255 ... 255 255 255]
68,[255 255 255 ... 255 255 255]
